{
   "file_counts" : 12,
   "file_list" : [
      {
         "file_describe_code" : 0,
         "file_name" : "kunst-B_Cu.gbr",
         "layer_name" : "bl"
      },
      {
         "file_describe_code" : 0,
         "file_name" : "kunst-B_Mask.gbr",
         "layer_name" : "bs"
      },
      {
         "file_describe_code" : 0,
         "file_name" : "kunst-B_Paste.gbr",
         "layer_name" : "bp"
      },
      {
         "file_describe_code" : 0,
         "file_name" : "kunst-B_Silkscreen.gbr",
         "layer_name" : "bo"
      },
      {
         "file_describe_code" : 2,
         "file_name" : "kunst-Edge_Cuts.gbr",
         "layer_name" : "gko"
      },
      {
         "file_describe_code" : 0,
         "file_name" : "kunst-F_Cu.gbr",
         "layer_name" : "tl"
      },
      {
         "file_describe_code" : 0,
         "file_name" : "kunst-F_Mask.gbr",
         "layer_name" : "ts"
      },
      {
         "file_describe_code" : 0,
         "file_name" : "kunst-F_Paste.gbr",
         "layer_name" : "tp"
      },
      {
         "file_describe_code" : 0,
         "file_name" : "kunst-F_Silkscreen.gbr",
         "layer_name" : "to"
      },
      {
         "file_describe_code" : 0,
         "file_name" : "kunst-NPTH.drl",
         "layer_name" : "npth"
      },
      {
         "file_describe_code" : 0,
         "file_name" : "kunst-PTH.drl",
         "layer_name" : "drl"
      },
      {
         "file_describe_code" : 4,
         "file_name" : "kunst-job.gbrjob",
         "layer_name" : "nil"
      }
   ]
}
